[{"model": "admin.logentry", "pk": 1, "fields": {"action_time": "2021-11-05T19:57:48.197Z", "user": 1, "content_type": 7, "object_id": "1", "object_repr": "yogaemporium.example.com", "action_flag": 2, "change_message": "[{\"changed\": {\"fields\": [\"Domain name\", \"Display name\"]}}]"}}, {"model": "admin.logentry", "pk": 2, "fields": {"action_time": "2021-11-05T20:11:46.591Z", "user": 1, "content_type": 8, "object_id": "2", "object_repr": "yoga84@testingemail.com", "action_flag": 1, "change_message": "[{\"added\": {}}]"}}, {"model": "admin.logentry", "pk": 3, "fields": {"action_time": "2021-11-08T18:29:11.866Z", "user": 1, "content_type": 14, "object_id": "1", "object_repr": "activewear", "action_flag": 1, "change_message": "[{\"added\": {}}]"}}, {"model": "admin.logentry", "pk": 4, "fields": {"action_time": "2021-11-08T18:32:50.429Z", "user": 1, "content_type": 13, "object_id": "1", "object_repr": "Yoga Mat", "action_flag": 1, "change_message": "[{\"added\": {}}]"}}, {"model": "admin.logentry", "pk": 5, "fields": {"action_time": "2021-11-08T18:41:54.576Z", "user": 1, "content_type": 13, "object_id": "1", "object_repr": "Yoga Mat", "action_flag": 3, "change_message": ""}}, {"model": "admin.logentry", "pk": 6, "fields": {"action_time": "2021-11-10T15:48:38.239Z", "user": 1, "content_type": 13, "object_id": "2", "object_repr": "Frog Meditation Idol", "action_flag": 2, "change_message": "[{\"changed\": {\"fields\": [\"Has sizes\"]}}]"}}, {"model": "admin.logentry", "pk": 7, "fields": {"action_time": "2021-11-10T15:48:49.843Z", "user": 1, "content_type": 13, "object_id": "16", "object_repr": "Yoga Starter Kit", "action_flag": 2, "change_message": "[{\"changed\": {\"fields\": [\"Has sizes\"]}}]"}}, {"model": "admin.logentry", "pk": 8, "fields": {"action_time": "2021-11-10T15:48:59.686Z", "user": 1, "content_type": 13, "object_id": "11", "object_repr": "Yoga Mat Nonskid", "action_flag": 2, "change_message": "[{\"changed\": {\"fields\": [\"Has sizes\"]}}]"}}, {"model": "admin.logentry", "pk": 9, "fields": {"action_time": "2021-11-10T15:49:06.384Z", "user": 1, "content_type": 13, "object_id": "6", "object_repr": "Yoga Belts", "action_flag": 2, "change_message": "[{\"changed\": {\"fields\": [\"Has sizes\"]}}]"}}, {"model": "admin.logentry", "pk": 10, "fields": {"action_time": "2021-11-10T15:49:12.997Z", "user": 1, "content_type": 13, "object_id": "7", "object_repr": "Yoga Blocks", "action_flag": 2, "change_message": "[{\"changed\": {\"fields\": [\"Has sizes\"]}}]"}}, {"model": "admin.logentry", "pk": 11, "fields": {"action_time": "2021-11-10T15:49:19.699Z", "user": 1, "content_type": 13, "object_id": "9", "object_repr": "Yoga Bolsters", "action_flag": 2, "change_message": "[{\"changed\": {\"fields\": [\"Has sizes\"]}}]"}}, {"model": "admin.logentry", "pk": 12, "fields": {"action_time": "2021-11-10T15:49:27.002Z", "user": 1, "content_type": 13, "object_id": "10", "object_repr": "Yoga Essential Oil", "action_flag": 2, "change_message": "[{\"changed\": {\"fields\": [\"Has sizes\"]}}]"}}, {"model": "admin.logentry", "pk": 13, "fields": {"action_time": "2021-11-10T15:49:57.336Z", "user": 1, "content_type": 13, "object_id": "4", "object_repr": "Meditation Statue", "action_flag": 2, "change_message": "[{\"changed\": {\"fields\": [\"Has sizes\"]}}]"}}, {"model": "admin.logentry", "pk": 14, "fields": {"action_time": "2021-11-12T16:09:40.915Z", "user": 1, "content_type": 15, "object_id": "1", "object_repr": "1987ADEFF4AA4B359E0A86E33C659239", "action_flag": 2, "change_message": "[{\"deleted\": {\"name\": \"order line item\", \"object\": \"SKU ye2021018 on order 1987ADEFF4AA4B359E0A86E33C659239\"}}]"}}, {"model": "admin.logentry", "pk": 15, "fields": {"action_time": "2021-11-12T16:10:22.564Z", "user": 1, "content_type": 15, "object_id": "1", "object_repr": "1987ADEFF4AA4B359E0A86E33C659239", "action_flag": 3, "change_message": ""}}, {"model": "admin.logentry", "pk": 16, "fields": {"action_time": "2021-11-12T16:16:53.267Z", "user": 1, "content_type": 15, "object_id": "2", "object_repr": "1F026CE2A2BD479EB7984C22AFD8F776", "action_flag": 2, "change_message": "[{\"changed\": {\"name\": \"order line item\", \"object\": \"SKU ye2021020 on order 1F026CE2A2BD479EB7984C22AFD8F776\", \"fields\": [\"Quantity\"]}}]"}}, {"model": "admin.logentry", "pk": 17, "fields": {"action_time": "2021-11-12T16:17:39.065Z", "user": 1, "content_type": 15, "object_id": "2", "object_repr": "1F026CE2A2BD479EB7984C22AFD8F776", "action_flag": 2, "change_message": "[{\"changed\": {\"name\": \"order line item\", \"object\": \"SKU ye2021012 on order 1F026CE2A2BD479EB7984C22AFD8F776\", \"fields\": [\"Product\", \"Product size\", \"Quantity\"]}}]"}}, {"model": "admin.logentry", "pk": 18, "fields": {"action_time": "2021-11-12T16:18:08.951Z", "user": 1, "content_type": 15, "object_id": "2", "object_repr": "1F026CE2A2BD479EB7984C22AFD8F776", "action_flag": 3, "change_message": ""}}, {"model": "admin.logentry", "pk": 19, "fields": {"action_time": "2021-11-13T23:15:00.539Z", "user": 1, "content_type": 15, "object_id": "11", "object_repr": "EF9949AFA14743DC9874276094BE1FD2", "action_flag": 3, "change_message": ""}}, {"model": "admin.logentry", "pk": 20, "fields": {"action_time": "2021-11-13T23:15:00.573Z", "user": 1, "content_type": 15, "object_id": "10", "object_repr": "F28449F23C78474B9734A328A18202C2", "action_flag": 3, "change_message": ""}}, {"model": "admin.logentry", "pk": 21, "fields": {"action_time": "2021-11-13T23:15:00.595Z", "user": 1, "content_type": 15, "object_id": "9", "object_repr": "9AF1A5CA7A4E4436A726A665C7A8AA14", "action_flag": 3, "change_message": ""}}, {"model": "admin.logentry", "pk": 22, "fields": {"action_time": "2021-11-13T23:15:00.617Z", "user": 1, "content_type": 15, "object_id": "8", "object_repr": "DEA996FB6C704AA98E92D2781C6D2403", "action_flag": 3, "change_message": ""}}, {"model": "admin.logentry", "pk": 23, "fields": {"action_time": "2021-11-13T23:15:00.639Z", "user": 1, "content_type": 15, "object_id": "7", "object_repr": "772D965B6A234A7D87C27CBF0BF45B62", "action_flag": 3, "change_message": ""}}, {"model": "admin.logentry", "pk": 24, "fields": {"action_time": "2021-11-13T23:15:00.660Z", "user": 1, "content_type": 15, "object_id": "6", "object_repr": "31D21508DB5744048E4B999077A1A212", "action_flag": 3, "change_message": ""}}, {"model": "admin.logentry", "pk": 25, "fields": {"action_time": "2021-11-13T23:15:00.682Z", "user": 1, "content_type": 15, "object_id": "5", "object_repr": "6B91869E99054BD594105178FDF9B845", "action_flag": 3, "change_message": ""}}, {"model": "admin.logentry", "pk": 26, "fields": {"action_time": "2021-11-13T23:15:00.703Z", "user": 1, "content_type": 15, "object_id": "4", "object_repr": "DE630C24016044B5B8E2C47F3799F61D", "action_flag": 3, "change_message": ""}}, {"model": "admin.logentry", "pk": 27, "fields": {"action_time": "2021-11-13T23:15:00.726Z", "user": 1, "content_type": 15, "object_id": "3", "object_repr": "C0629CEC670E49359C5500DA02666C19", "action_flag": 3, "change_message": ""}}, {"model": "admin.logentry", "pk": 28, "fields": {"action_time": "2021-11-14T19:59:29.698Z", "user": 1, "content_type": 13, "object_id": "33", "object_repr": "Test1", "action_flag": 3, "change_message": ""}}, {"model": "admin.logentry", "pk": 29, "fields": {"action_time": "2021-11-14T19:59:29.730Z", "user": 1, "content_type": 13, "object_id": "32", "object_repr": "Test3", "action_flag": 3, "change_message": ""}}, {"model": "admin.logentry", "pk": 30, "fields": {"action_time": "2021-11-14T19:59:29.768Z", "user": 1, "content_type": 13, "object_id": "31", "object_repr": "Test2", "action_flag": 3, "change_message": ""}}, {"model": "admin.logentry", "pk": 31, "fields": {"action_time": "2021-11-14T19:59:29.803Z", "user": 1, "content_type": 13, "object_id": "30", "object_repr": "test", "action_flag": 3, "change_message": ""}}, {"model": "admin.logentry", "pk": 32, "fields": {"action_time": "2021-11-14T19:59:29.836Z", "user": 1, "content_type": 13, "object_id": "29", "object_repr": "bimba", "action_flag": 3, "change_message": ""}}, {"model": "admin.logentry", "pk": 33, "fields": {"action_time": "2021-11-14T19:59:29.870Z", "user": 1, "content_type": 13, "object_id": "28", "object_repr": "mats", "action_flag": 3, "change_message": ""}}, {"model": "admin.logentry", "pk": 34, "fields": {"action_time": "2021-11-14T19:59:29.904Z", "user": 1, "content_type": 13, "object_id": "27", "object_repr": "Mug", "action_flag": 3, "change_message": ""}}, {"model": "admin.logentry", "pk": 35, "fields": {"action_time": "2021-11-14T19:59:29.939Z", "user": 1, "content_type": 13, "object_id": "26", "object_repr": "Pants", "action_flag": 3, "change_message": ""}}, {"model": "admin.logentry", "pk": 36, "fields": {"action_time": "2021-11-14T19:59:29.979Z", "user": 1, "content_type": 13, "object_id": "25", "object_repr": "Pants", "action_flag": 3, "change_message": ""}}, {"model": "admin.logentry", "pk": 37, "fields": {"action_time": "2021-11-14T19:59:30.017Z", "user": 1, "content_type": 13, "object_id": "24", "object_repr": "T-shirt", "action_flag": 3, "change_message": ""}}, {"model": "admin.logentry", "pk": 38, "fields": {"action_time": "2021-11-14T19:59:30.057Z", "user": 1, "content_type": 13, "object_id": "23", "object_repr": "Blocks", "action_flag": 3, "change_message": ""}}, {"model": "auth.user", "pk": 1, "fields": {"password": "pbkdf2_sha256$260000$1uf4Y5rzFLEUAcAXasb3uL$jwhgT3kTD2w9XLBO3UNG+dZYKhl17mR5tuknRFG6enM=", "last_login": "2021-11-15T20:49:35.423Z", "is_superuser": true, "username": "yoga84", "first_name": "", "last_name": "", "email": "yoga84@testemail.com", "is_staff": true, "is_active": true, "date_joined": "2021-11-05T17:55:06.317Z", "groups": [], "user_permissions": []}}, {"model": "auth.user", "pk": 2, "fields": {"password": "pbkdf2_sha256$260000$YNJGqhUYsNUDlPw8kP1HW8$kt7R0eV4yr6p+qDgVbGPEgU11r+PJAb3qDbhHrvuwcE=", "last_login": "2021-11-15T20:47:13.623Z", "is_superuser": false, "username": "Testname", "first_name": "", "last_name": "", "email": "testing@yoga.com", "is_staff": false, "is_active": true, "date_joined": "2021-11-13T12:27:05.653Z", "groups": [], "user_permissions": []}}, {"model": "auth.user", "pk": 3, "fields": {"password": "pbkdf2_sha256$260000$4jimqAsvkh3REzKcX6CA8h$lenReWinZ+vLF6CQ+mdDek2ebbJMAj3hj+iC6p2UjpU=", "last_login": null, "is_superuser": false, "username": "Parikshit", "first_name": "", "last_name": "", "email": "parikshit.anand@gmail.com", "is_staff": false, "is_active": true, "date_joined": "2021-11-13T12:33:56.453Z", "groups": [], "user_permissions": []}}, {"model": "sessions.session", "pk": "2s333a53urfwj8g7my74akcf80gqxdx8", "fields": {"session_data": "eyJiYWciOnsiMTkiOnsiaXRlbXNfYnlfc2l6ZSI6eyJtIjoxfX19fQ:1mksFm:QkvhtV8XxVQzo4UrdiOms9yeA38rL3t-nbS83Apcw14", "expire_date": "2021-11-24T18:23:22.630Z"}}, {"model": "sessions.session", "pk": "3qfda050ukeixwnksbpf0tum5ary7pxu", "fields": {"session_data": ".eJxVj8tuwyAQRX8FzdpCYPBz2X1XXcYR4jHYTlwTGSM1ivLvxZIX7fbcc-9oXqB02ieVIm5qdtADh-IvM9recT0Cd9PrGKgN677Nhh4KPdNIP4PD5eN0_w1MOk653VaGt0ZI750pkTNbecF0K5htmrqrta58VXZe11yW2DqHTsi2RmxQWhRSHKMRY5zDqvDnMW9P6HnJupqxAoweoX-BYJm9s_idRT1izHcvlwGUusVcO-kABWEFKauCDPCVrM3Yp2V5kvwC7ugI5-SxBZfsHukA1yu8fwGuT2AM:1mmLf0:_MWJ3EY3ctH1k_qz9dqFKxeNEYmtG2K8oKgf50Z8zKg", "expire_date": "2021-11-28T19:59:30.126Z"}}, {"model": "sessions.session", "pk": "8imemkhxkj0qthbfx7lpkvc5odnemvz3", "fields": {"session_data": ".eJxVjM0OgyAQhN9lz4YIC4gce-8zmAUW7U808edkfPdi46E9TWa-mdmho20dum3huXsk8CCh-s0CxRePJ0hPGvtJxGlc50cQZ0VcdBH3KfH7dnX_DgZahrJ2JkgXUOecgmJZR5OxJod1bBrbWiKTjWozWakVu5Q4oXaWuWEdGTWW00A9-B0kgscKZPuVYlQx4OVxfADfMD9-:1mkpDm:qaEUEQUUySz8JZ2V8Jv25YwG0lwGUQBLDJofCKF3Bcc", "expire_date": "2021-11-24T15:09:06.151Z"}}, {"model": "sessions.session", "pk": "buzfwxu41t0ap0aj85pn9r5jne1tfdwq", "fields": {"session_data": "eyJiYWciOnsiMTQiOnsiaXRlbXNfYnlfc2l6ZSI6eyJtIjo0fX19fQ:1mksDB:55ycfYB-ddem2L1WuPJIspnmGbBUYMjU7nSxU1R91po", "expire_date": "2021-11-24T18:20:41.190Z"}}, {"model": "sessions.session", "pk": "ikwg42mddiy9238mu8gqunpdyds1ng6v", "fields": {"session_data": ".eJxVjkEOwiAQRe_C2hAYkJYu3XsGMlOmFjXQlDbRGO9uarrQ7X8vL_8lAq7LGNbKc0hRdEKLw-9G2N84byBeMV-K7Ete5kRyU-ROqzyXyPfT7v4FRqzjlqUGLPuGvW0d2qPRqiXkSMZoYPJOkyHNFpsWIg09EABG1gxsBqe-ryrXmkoO_JjS_BSdBuWdUu8PBvBAhg:1mmixJ:pgtD7QC38R74_EGbI-z0yxPirXmnvtbxvUIY-BsraKQ", "expire_date": "2021-11-29T20:51:57.079Z"}}, {"model": "sessions.session", "pk": "ru5mhhgjny0n6sg5islt2wobtrfkofml", "fields": {"session_data": "e30:1mlryu:H82Yy44bdg72TQxp_q9IB51LGLSs4r_SWDamt0PNsjU", "expire_date": "2021-11-27T12:18:04.816Z"}}, {"model": "sessions.session", "pk": "yj6zyv4mqukcxe5ydsegipzhdv8sm32o", "fields": {"session_data": ".eJxVjMsOwiAQRf-FtSFQHqVduvcbyMAMFjVgSptojP-uTbrQ7T3nnhfzsC6TXxvNPiMbmWSH3y1AvFLZAF6gnCuPtSxzDnxT-E4bP1Wk23F3_wITtOn7diZIF5ROCUNHUkSTlACnROx7O1gAk0w3JLBSd-QQCZV2lqgnHUlptUUbtZZr8fS45_nJRvH-AJr5P3g:1mj5a6:UTY8-i_o9wI7TduucppUVvkJKGNPK-XQd7Sy430CZkc", "expire_date": "2021-11-19T20:12:58.072Z"}}, {"model": "sessions.session", "pk": "z3gb42w8mkvlz9nzpguk2gv3xxzck8ql", "fields": {"session_data": ".eJyrVkpKTFeyqlYytACRmSWpucXxSZXxxZlVqSCBXCUrw9paHSVDS6zSxUpWRjpKFUDKUEcpB6YWTAMAFcMbtA:1mkqHi:U1ODSWAjKElGOXB7Ajvj7VzgZWhjAaS8CPyO9jtFyjs", "expire_date": "2021-11-24T16:17:14.443Z"}}, {"model": "sites.site", "pk": 1, "fields": {"domain": "yogaemporium.example.com", "name": "Yoga Emporium"}}, {"model": "account.emailaddress", "pk": 1, "fields": {"user": 1, "email": "yoga84@testemail.com", "verified": false, "primary": false}}, {"model": "account.emailaddress", "pk": 2, "fields": {"user": 1, "email": "yoga84@testingemail.com", "verified": true, "primary": true}}, {"model": "account.emailaddress", "pk": 3, "fields": {"user": 2, "email": "testing@yoga.com", "verified": true, "primary": true}}, {"model": "account.emailaddress", "pk": 4, "fields": {"user": 3, "email": "parikshit.anand@gmail.com", "verified": true, "primary": true}}, {"model": "products.category", "pk": 1, "fields": {"name": "activewear", "friendly_name": "Activewear"}}, {"model": "products.category", "pk": 2, "fields": {"name": "mats_blocks", "friendly_name": "Mats & Blocks"}}, {"model": "products.category", "pk": 3, "fields": {"name": "clearance", "friendly_name": "Clearance"}}, {"model": "products.category", "pk": 4, "fields": {"name": "deals", "friendly_name": "Deals"}}, {"model": "products.category", "pk": 5, "fields": {"name": "essentials", "friendly_name": "Essentials"}}, {"model": "products.category", "pk": 6, "fields": {"name": "pants", "friendly_name": "Pants"}}, {"model": "products.category", "pk": 7, "fields": {"name": "antiques_idols", "friendly_name": "Antiques & Idols"}}, {"model": "products.category", "pk": 8, "fields": {"name": "new_arrivals", "friendly_name": "New Arrivals"}}, {"model": "products.category", "pk": 9, "fields": {"name": "shirts", "friendly_name": "Shirts"}}, {"model": "products.product", "pk": 1, "fields": {"category": 7, "sku": "ye2021001", "name": "Buddha Meditation Idol", "description": "Make your yoga practice more calm with this Buddha idol", "has_sizes": false, "price": "13.99", "rating": "4.60", "image": "buddha-meditation-idol.jpg"}}, {"model": "products.product", "pk": 2, "fields": {"category": 4, "sku": "ye2021002", "name": "Frog Meditation Idol", "description": "Frog meditating", "has_sizes": false, "price": "18.99", "rating": "4.50", "image": "frog-meditation-idol.jpg"}}, {"model": "products.product", "pk": 3, "fields": {"category": 1, "sku": "ye2021003", "name": "Kids Yoga Pants&Shirts", "description": "Kids Yoga Pants&Shirts", "has_sizes": false, "price": "25.99", "rating": "4.70", "image": "kids-yoga-pants_shirts_clearance.jpg"}}, {"model": "products.product", "pk": 4, "fields": {"category": 3, "sku": "ye2021004", "name": "Meditation Statue", "description": "Meditation Statue", "has_sizes": false, "price": "19.99", "rating": "4.00", "image": "meditation-statue.jpg"}}, {"model": "products.product", "pk": 5, "fields": {"category": 4, "sku": "ye2021005", "name": "Yoga Advanced Kit", "description": "Yoga Advanced Kit which includes all yoga essentials", "has_sizes": false, "price": "42.99", "rating": "5.00", "image": "yoga-advanced-kit.jpg"}}, {"model": "products.product", "pk": 6, "fields": {"category": 8, "sku": "ye2021006", "name": "Yoga Belts", "description": "Yoga Belts", "has_sizes": false, "price": "9.99", "rating": "2.70", "image": "yoga-belts.jpg"}}, {"model": "products.product", "pk": 7, "fields": {"category": 5, "sku": "ye2021007", "name": "Yoga Blocks", "description": "Yoga Blocks", "has_sizes": false, "price": "6.99", "rating": "4.40", "image": "yoga-blocks.jpg"}}, {"model": "products.product", "pk": 8, "fields": {"category": 2, "sku": "ye2021008", "name": "Yoga Blocks Multicolor", "description": "Yoga Blocks Multicolor", "has_sizes": false, "price": "25.99", "rating": "4.50", "image": "yoga-blocks-multicolor.jpg"}}, {"model": "products.product", "pk": 9, "fields": {"category": 5, "sku": "ye2021009", "name": "Yoga Bolsters", "description": "Yoga Bolsters", "has_sizes": false, "price": "10.99", "rating": "4.70", "image": "yoga-bolsters.jpg"}}, {"model": "products.product", "pk": 10, "fields": {"category": 5, "sku": "ye2021010", "name": "Yoga Essential Oil", "description": "Yoga Essential Oil", "has_sizes": false, "price": "17.99", "rating": "4.40", "image": "yoga-essential-oil.jpg"}}, {"model": "products.product", "pk": 11, "fields": {"category": 8, "sku": "ye2021011", "name": "Yoga Mat Nonskid", "description": "Yoga Mat Nonskid", "has_sizes": false, "price": "49.99", "rating": "5.00", "image": "yoga-mat-nonskid.jpg"}}, {"model": "products.product", "pk": 12, "fields": {"category": 2, "sku": "ye2021012", "name": "Yoga Mat", "description": "Non skid and Durable", "has_sizes": false, "price": "30.99", "rating": "4.60", "image": "yoga-mat.jpg"}}, {"model": "products.product", "pk": 13, "fields": {"category": 6, "sku": "ye2021013", "name": "Yoga Pants Ladies", "description": "Yoga Pants for ladies is comfortable and strechable", "has_sizes": false, "price": "20.50", "rating": "3.20", "image": "yoga-pants-ladies.jpg"}}, {"model": "products.product", "pk": 14, "fields": {"category": 6, "sku": "ye2021014", "name": "Yoga Pants Men", "description": "Yoga Pants for Men is comfortable and strechable", "has_sizes": false, "price": "26.99", "rating": "4.70", "image": "yoga-pants-men.jpg"}}, {"model": "products.product", "pk": 15, "fields": {"category": 9, "sku": "ye2021015", "name": "Yoga Shirts Ladies", "description": "Yoga Shirts for Ladies is comfortable and strechable", "has_sizes": false, "price": "18.99", "rating": "4.80", "image": "yoga-shirts-ladies.jpg"}}, {"model": "products.product", "pk": 16, "fields": {"category": 8, "sku": "ye2021016", "name": "Yoga Starter Kit", "description": "Yoga Starter Kit is complete package of yoga essentials", "has_sizes": false, "price": "65.99", "rating": "4.40", "image": "yoga-starter-kit.jpg"}}, {"model": "products.product", "pk": 17, "fields": {"category": 9, "sku": "ye2021017", "name": "Yoga Regular Tops", "description": "Yoga regular tops, can be used everyday for yoga practice. Very comfortable and strechable", "has_sizes": false, "price": "13.99", "rating": "4.40", "image": "yoga-regular-tops.jpg"}}, {"model": "products.product", "pk": 18, "fields": {"category": 6, "sku": "ye2021018", "name": "Yoga Unisex Pants", "description": "Men and women pants are very good material and works for all workouts", "has_sizes": false, "price": "20.99", "rating": "4.80", "image": "yoga-unisex-pants.jpg"}}, {"model": "products.product", "pk": 19, "fields": {"category": 9, "sku": "ye2021019", "name": "Yoga Unisex Shirts", "description": "Men and women shirts are very good material and works for all workouts", "has_sizes": false, "price": "20.99", "rating": "5.00", "image": "yoga-unisex-shirts.jpg"}}, {"model": "products.product", "pk": 20, "fields": {"category": 9, "sku": "ye2021020", "name": "Yoga Strechable pants", "description": "Yoga Strechable pants are most comfy and flexible", "has_sizes": false, "price": "22.99", "rating": "5.00", "image": "yoga-strechable-pants.jpg"}}, {"model": "products.product", "pk": 21, "fields": {"category": 2, "sku": "ye2021021", "name": "Yoga Mat Purple", "description": "This yoga mat is very comfortable,easy to fold, non-skid and has good durability", "has_sizes": false, "price": "20.99", "rating": "4.00", "image": "purple-yoga-mat.jpg"}}, {"model": "products.product", "pk": 22, "fields": {"category": 3, "sku": "ye2021022", "name": "Yoga Santa Meditation", "description": "This is a cute little santa meditating idol, Hurry up! buy for this christmas", "has_sizes": false, "price": "10.99", "rating": "3.00", "image": "yoga-santa-meditation.jpg"}}, {"model": "products.product", "pk": 23, "fields": {"category": 8, "sku": "ye2021023", "name": "Yoga Magic Bowl", "description": "The sound of magic bowl makes you calm and relaxed", "has_sizes": false, "price": "20.99", "rating": "5.00", "image": "yoga-magic-bowl-new-arrival.jpg"}}, {"model": "products.product", "pk": 24, "fields": {"category": 8, "sku": "ye2021024", "name": "Yoga Incence Sticks", "description": "The incence frangrance makes you more calm and relaxed", "has_sizes": false, "price": "10.99", "rating": "4.00", "image": "yoga-incence-stick-clearance.jpg"}}, {"model": "products.product", "pk": 25, "fields": {"category": 4, "sku": "ye2021025", "name": "Yoga Smart Watch", "description": "Keeps track of Heart rate, Stress level and SpO2", "has_sizes": false, "price": "46.99", "rating": "5.00", "image": "yoga_smart_watch_new_arrival.jpg"}}, {"model": "checkout.order", "pk": 12, "fields": {"order_number": "116A085241D74CE8846FCFE0D7C8FAFB", "user_profile": 1, "full_name": "Maria", "email": "yoga84@testemail.com", "phone_number": "123456", "country": "UG", "postcode": "1135", "town_or_city": "lxnslxjn", "street_address1": "namba", "street_address2": "namsa", "county": "slcnalscn", "date": "2021-11-13T23:17:16.484Z", "delivery_cost": "4.60", "order_total": "45.99", "grand_total": "50.59", "original_bag": "{\"13\": {\"items_by_size\": {\"m\": 1}}, \"8\": 1}", "stripe_pid": "pi_3JvVSqIrjI5PYMe31VwxwK8D"}}, {"model": "checkout.order", "pk": 13, "fields": {"order_number": "9EA0850166F74A60B5B9D6A8104E27FE", "user_profile": 1, "full_name": "Testname", "email": "testing@yoga.com", "phone_number": "123456", "country": "UG", "postcode": "1135", "town_or_city": "lxnslxjn", "street_address1": "namba", "street_address2": "namsa", "county": "slcnalscn", "date": "2021-11-14T00:57:38.829Z", "delivery_cost": "3.00", "order_total": "29.99", "grand_total": "32.99", "original_bag": "{\"20\": {\"items_by_size\": {\"m\": 1}}}", "stripe_pid": "pi_3JvX1cIrjI5PYMe31RaV8WFG"}}, {"model": "checkout.orderlineitem", "pk": 13, "fields": {"order": 12, "product": 13, "product_size": "m", "quantity": 1, "lineitem_total": "30.00"}}, {"model": "checkout.orderlineitem", "pk": 14, "fields": {"order": 12, "product": 8, "product_size": null, "quantity": 1, "lineitem_total": "15.99"}}, {"model": "checkout.orderlineitem", "pk": 15, "fields": {"order": 13, "product": 20, "product_size": "m", "quantity": 1, "lineitem_total": "29.99"}}, {"model": "profiles.userprofile", "pk": 1, "fields": {"user": 1, "default_phone_number": "123456", "default_street_address1": "namba", "default_street_address2": "namsa", "default_town_or_city": "lxnslxjn", "default_county": "slcnalscn", "default_postcode": "1135", "default_country": "UG"}}, {"model": "profiles.userprofile", "pk": 2, "fields": {"user": 2, "default_phone_number": "54354", "default_street_address1": "xcmk", "default_street_address2": "cml;kc", "default_town_or_city": "kslkcvn", "default_county": "nclsdkn", "default_postcode": "35454", "default_country": "AZ"}}, {"model": "profiles.userprofile", "pk": 3, "fields": {"user": 3, "default_phone_number": null, "default_street_address1": null, "default_street_address2": null, "default_town_or_city": null, "default_county": null, "default_postcode": null, "default_country": null}}]